vid,uid,s_min,s_sec,a_obj,split,label
_2csfAj7jH0,_2csfAj7jH0_11000_21000,0,11,squirrel,unseen,v2
_3pLesuLT4w,_3pLesuLT4w_60000_70000,1,0,guzheng,unseen,v2
_4NEAgqguN0,_4NEAgqguN0_222000_232000,3,42,bell,unseen,v2
_9YQdLAGXDA,_9YQdLAGXDA_1000_11000,0,1,tiger,unseen,v2
_ix1jp3v8oE,_ix1jp3v8oE_30000_40000,0,30,clock,unseen,v2
--yub8O1H0Y,--yub8O1H0Y_25000_35000,0,25,leopard,unseen,v2
-05wY41ht1s,-05wY41ht1s_123000_133000,2,3,helicopter,unseen,v2
-05wY41ht1s,-05wY41ht1s_235000_245000,3,55,helicopter,unseen,v2
-4l3tDv8uLI,-4l3tDv8uLI_215000_225000,3,35,helicopter,unseen,v2
-5-tOp4t_kU,-5-tOp4t_kU_0_10000,0,0,helicopter,unseen,v2
-5-tOp4t_kU,-5-tOp4t_kU_22000_32000,0,22,helicopter,unseen,v2
-5kRgp_lxpk,-5kRgp_lxpk_0_10000,0,0,clock,unseen,v2
-6GIX2msUSA,-6GIX2msUSA_5000_15000,0,5,helicopter,unseen,v2
-6GIX2msUSA,-6GIX2msUSA_22000_32000,0,22,helicopter,unseen,v2
-6pLGGF7dEI,-6pLGGF7dEI_52000_62000,0,52,clock,unseen,v2
-6pLGGF7dEI,-6pLGGF7dEI_63000_73000,1,3,clock,unseen,v2
-8mcyL3kWNQ,-8mcyL3kWNQ_8000_18000,0,8,emergency-car,unseen,v2
-8mcyL3kWNQ,-8mcyL3kWNQ_120000_130000,2,0,emergency-car,unseen,v2
-8mcyL3kWNQ,-8mcyL3kWNQ_135000_145000,2,15,emergency-car,unseen,v2
-8mcyL3kWNQ,-8mcyL3kWNQ_150000_160000,2,30,emergency-car,unseen,v2
-8mcyL3kWNQ,-8mcyL3kWNQ_316000_326000,5,16,emergency-car,unseen,v2
-8mcyL3kWNQ,-8mcyL3kWNQ_329000_339000,5,29,emergency-car,unseen,v2
-9k2Z_hxYpU,-9k2Z_hxYpU_155000_165000,2,35,helicopter,unseen,v2
-AcwZ-xmAKY,-AcwZ-xmAKY_32000_42000,0,32,helicopter,unseen,v2
-AcwZ-xmAKY,-AcwZ-xmAKY_58000_68000,0,58,helicopter,unseen,v2
-AcwZ-xmAKY,-AcwZ-xmAKY_125000_135000,2,5,helicopter,unseen,v2
-AcwZ-xmAKY,-AcwZ-xmAKY_244000_254000,4,4,helicopter,unseen,v2
-DecEWIegKU,-DecEWIegKU_40000_50000,0,40,hen,unseen,v2
-e2HHcXb0m4,-e2HHcXb0m4_200000_210000,3,20,hen,unseen,v2
-e2HHcXb0m4,-e2HHcXb0m4_210000_220000,3,30,hen,unseen,v2
-FEPOSP7ay0,-FEPOSP7ay0_0_10000,0,0,bell,unseen,v2
-FEPOSP7ay0,-FEPOSP7ay0_34000_44000,0,34,bell,unseen,v2
-FEPOSP7ay0,-FEPOSP7ay0_101000_111000,1,41,bell,unseen,v2
-FEPOSP7ay0,-FEPOSP7ay0_126000_136000,2,6,bell,unseen,v2
-FEPOSP7ay0,-FEPOSP7ay0_169000_179000,2,49,bell,unseen,v2
-FEPOSP7ay0,-FEPOSP7ay0_270000_280000,4,30,bell,unseen,v2
-fGFQTGd2nA,-fGFQTGd2nA_2000_12000,0,2,emergency-car,unseen,v2
-H1_pKntTx4,-H1_pKntTx4_12000_22000,0,12,helicopter,unseen,v2
-H1_pKntTx4,-H1_pKntTx4_200000_210000,3,20,helicopter,unseen,v2
-H1_pKntTx4,-H1_pKntTx4_290000_300000,4,50,helicopter,unseen,v2
-H1_pKntTx4,-H1_pKntTx4_410000_420000,6,50,helicopter,unseen,v2
-H6rJ0i2NME,-H6rJ0i2NME_55000_65000,0,55,helicopter,unseen,v2
-H6rJ0i2NME,-H6rJ0i2NME_68000_78000,1,8,helicopter,unseen,v2
-H6rJ0i2NME,-H6rJ0i2NME_91000_101000,1,31,helicopter,unseen,v2
-H6rJ0i2NME,-H6rJ0i2NME_205000_215000,3,25,helicopter,unseen,v2
-h9REoRVzYY,-h9REoRVzYY_3000_13000,0,3,clock,unseen,v2
-i6jt-aEX8g,-i6jt-aEX8g_330000_340000,5,30,harp,unseen,v2
-ibyOdhBlOk,-ibyOdhBlOk_174000_184000,2,54,hen,unseen,v2
-jmQrNEAr54,-jmQrNEAr54_12000_22000,0,12,donkey,unseen,v2
-KECxvZZHYg,-KECxvZZHYg_21000_31000,0,21,helicopter,unseen,v2
-kr4SUjnm88,-kr4SUjnm88_0_10000,0,0,emergency-car,unseen,v2
-kr4SUjnm88,-kr4SUjnm88_19000_29000,0,19,emergency-car,unseen,v2
-LGTb-xyjzA,-LGTb-xyjzA_0_10000,0,0,emergency-car,unseen,v2
-OSpN9z9WOg,-OSpN9z9WOg_19000_29000,0,19,clock,unseen,v2
-qymcBqBEN4,-qymcBqBEN4_10000_20000,0,10,helicopter,unseen,v2
-RLjOOpDs9k,-RLjOOpDs9k_100000_110000,1,40,clock,unseen,v2
-ss8ZeABGyY,-ss8ZeABGyY_35000_45000,0,35,helicopter,unseen,v2
-ss8ZeABGyY,-ss8ZeABGyY_110000_120000,1,50,helicopter,unseen,v2
-uD_w-t4T2Q,-uD_w-t4T2Q_3000_13000,0,3,emergency-car,unseen,v2
-uD_w-t4T2Q,-uD_w-t4T2Q_53000_63000,0,53,emergency-car,unseen,v2
-uD_w-t4T2Q,-uD_w-t4T2Q_91000_101000,1,31,emergency-car,unseen,v2
-uD_w-t4T2Q,-uD_w-t4T2Q_130000_140000,2,10,emergency-car,unseen,v2
-uD_w-t4T2Q,-uD_w-t4T2Q_210000_220000,3,30,emergency-car,unseen,v2
-uD_w-t4T2Q,-uD_w-t4T2Q_230000_240000,3,50,emergency-car,unseen,v2
-uD_w-t4T2Q,-uD_w-t4T2Q_258000_268000,4,18,emergency-car,unseen,v2
-uD_w-t4T2Q,-uD_w-t4T2Q_311000_321000,5,11,emergency-car,unseen,v2
-ue3k_aV6mY,-ue3k_aV6mY_26000_36000,0,26,helicopter,unseen,v2
-ue3k_aV6mY,-ue3k_aV6mY_69000_79000,1,9,helicopter,unseen,v2
-ue3k_aV6mY,-ue3k_aV6mY_227000_237000,3,47,helicopter,unseen,v2
-ue3k_aV6mY,-ue3k_aV6mY_300000_310000,5,0,helicopter,unseen,v2
-ue3k_aV6mY,-ue3k_aV6mY_325000_335000,5,25,helicopter,unseen,v2
-ue3k_aV6mY,-ue3k_aV6mY_373000_383000,6,13,helicopter,unseen,v2
-ue3k_aV6mY,-ue3k_aV6mY_470000_480000,7,50,helicopter,unseen,v2
-ue3k_aV6mY,-ue3k_aV6mY_633000_643000,10,33,helicopter,unseen,v2
-ue3k_aV6mY,-ue3k_aV6mY_680000_690000,11,20,helicopter,unseen,v2
-ue3k_aV6mY,-ue3k_aV6mY_765000_775000,12,45,helicopter,unseen,v2
-ue3k_aV6mY,-ue3k_aV6mY_1015000_1025000,16,55,helicopter,unseen,v2
-ue3k_aV6mY,-ue3k_aV6mY_1570000_1580000,26,10,helicopter,unseen,v2
-ue3k_aV6mY,-ue3k_aV6mY_1840000_1850000,30,40,helicopter,unseen,v2
-VI2IRq17rs,-VI2IRq17rs_251000_261000,4,11,bell,unseen,v2
-x5WApNWUNk,-x5WApNWUNk_1000_11000,0,1,hen,unseen,v2
-x5WApNWUNk,-x5WApNWUNk_73000_83000,1,13,hen,unseen,v2
-x5WApNWUNk,-x5WApNWUNk_176000_186000,2,56,hen,unseen,v2
-x5WApNWUNk,-x5WApNWUNk_204000_214000,3,24,hen,unseen,v2
-x5WApNWUNk,-x5WApNWUNk_240000_250000,4,0,hen,unseen,v2
0-vcLH45brE,0-vcLH45brE_1000_11000,0,1,emergency-car,unseen,v2
0-vcLH45brE,0-vcLH45brE_45000_55000,0,45,emergency-car,unseen,v2
02UahUjIv5A,02UahUjIv5A_24000_34000,0,24,hen,unseen,v2
09mLJftOYsc,09mLJftOYsc_43000_53000,0,43,emergency-car,unseen,v2
09pZj6CEvRw,09pZj6CEvRw_250000_260000,4,10,bell,unseen,v2
0BU5ANYG5Y4,0BU5ANYG5Y4_1000_11000,0,1,leopard,unseen,v2
0dIKPNqqxhw,0dIKPNqqxhw_50000_60000,0,50,baby,unseen,v2
0EPK7Pv_lbE,0EPK7Pv_lbE_20000_30000,0,20,emergency-car,unseen,v2
0EPK7Pv_lbE,0EPK7Pv_lbE_45000_55000,0,45,emergency-car,unseen,v2
0EPK7Pv_lbE,0EPK7Pv_lbE_80000_90000,1,20,emergency-car,unseen,v2
0EPK7Pv_lbE,0EPK7Pv_lbE_143000_153000,2,23,emergency-car,unseen,v2
0iVM2GY3R_c,0iVM2GY3R_c_12000_22000,0,12,emergency-car,unseen,v2
0iVM2GY3R_c,0iVM2GY3R_c_30000_40000,0,30,emergency-car,unseen,v2
0j1-0Y6lGck,0j1-0Y6lGck_120000_130000,2,0,clock,unseen,v2
0j1-0Y6lGck,0j1-0Y6lGck_123000_133000,2,3,clock,unseen,v2
0LO5TLbEQzA,0LO5TLbEQzA_170000_180000,2,50,helicopter,unseen,v2
0LO5TLbEQzA,0LO5TLbEQzA_395000_405000,6,35,helicopter,unseen,v2
0lq5Oey7ChY,0lq5Oey7ChY_30000_40000,0,30,baby,unseen,v2
0UX7Cl2iJJs,0UX7Cl2iJJs_11000_21000,0,11,emergency-car,unseen,v2
0UX7Cl2iJJs,0UX7Cl2iJJs_203000_213000,3,23,emergency-car,unseen,v2
0UX7Cl2iJJs,0UX7Cl2iJJs_252000_262000,4,12,emergency-car,unseen,v2
0z1BFQ8U7-8,0z1BFQ8U7-8_85000_95000,1,25,harp,unseen,v2
15t7uWnpXUI,15t7uWnpXUI_20000_30000,0,20,clock,unseen,v2
19CBwTDsPyE,19CBwTDsPyE_16000_26000,0,16,squirrel,unseen,v2
1cgHjGNZzHA,1cgHjGNZzHA_16000_26000,0,16,emergency-car,unseen,v2
1d8iPXgwhpw,1d8iPXgwhpw_10000_20000,0,10,baby,unseen,v2
1EI58xGWnWg,1EI58xGWnWg_30000_40000,0,30,clock,unseen,v2
1F91ttmVR-E,1F91ttmVR-E_10000_20000,0,10,clock,unseen,v2
1hR4B6xey_0,1hR4B6xey_0_169000_179000,2,49,hen,unseen,v2
1lL3jA960Nk_0,1lL3jA960Nk_0,0,0,baby,unseen,v1m
1xS-iGBR2b8,1xS-iGBR2b8_4000_14000,0,4,donkey,unseen,v2
2hp-YTe4biQ,2hp-YTe4biQ_48000_58000,0,48,tiger,unseen,v2
2jjoUE47ro0,2jjoUE47ro0_0_10000,0,0,guzheng,unseen,v2
2jjoUE47ro0,2jjoUE47ro0_19000_29000,0,19,guzheng,unseen,v2
2Lk8E1WYSYo,2Lk8E1WYSYo_1000_11000,0,1,guzheng,unseen,v2
2tFn61fIwQ0,2tFn61fIwQ0_210000_220000,3,30,emergency-car,unseen,v2
2uOqzDrthyA,2uOqzDrthyA_20000_30000,0,20,clock,unseen,v2
2ydyFLjN77s,2ydyFLjN77s_80000_90000,1,20,helicopter,unseen,v2
2ydyFLjN77s,2ydyFLjN77s_190000_200000,3,10,helicopter,unseen,v2
2yizo9_ZWyw,2yizo9_ZWyw_22000_32000,0,22,hen,unseen,v2
2yizo9_ZWyw,2yizo9_ZWyw_55000_65000,0,55,hen,unseen,v2
2yizo9_ZWyw,2yizo9_ZWyw_70000_80000,1,10,hen,unseen,v2
2yizo9_ZWyw,2yizo9_ZWyw_90000_100000,1,30,hen,unseen,v2
2yizo9_ZWyw,2yizo9_ZWyw_110000_120000,1,50,hen,unseen,v2
2ymiXjImwGs,2ymiXjImwGs_7000_17000,0,7,emergency-car,unseen,v2
2ZeDIC4POcQ,2ZeDIC4POcQ_400000_410000,6,40,clock,unseen,v2
31CbrIqx5HA,31CbrIqx5HA_2000_12000,0,2,tiger,unseen,v2
36AsCpqS3z0,36AsCpqS3z0_33000_43000,0,33,emergency-car,unseen,v2
3B8xS7BWsek,3B8xS7BWsek_23000_33000,0,23,guzheng,unseen,v2
3B8xS7BWsek,3B8xS7BWsek_81000_91000,1,21,guzheng,unseen,v2
3B8xS7BWsek,3B8xS7BWsek_124000_134000,2,4,guzheng,unseen,v2
3B8xS7BWsek,3B8xS7BWsek_150000_160000,2,30,guzheng,unseen,v2
3B8xS7BWsek,3B8xS7BWsek_193000_203000,3,13,guzheng,unseen,v2
3B8xS7BWsek,3B8xS7BWsek_332000_342000,5,32,guzheng,unseen,v2
3B8xS7BWsek,3B8xS7BWsek_370000_380000,6,10,guzheng,unseen,v2
3B8xS7BWsek,3B8xS7BWsek_441000_451000,7,21,guzheng,unseen,v2
3gsxCNiZGNI,3gsxCNiZGNI_15000_25000,0,15,emergency-car,unseen,v2
3jEQZ0RwAWM,3jEQZ0RwAWM_43000_53000,0,43,baby,unseen,v2
3srCiRO75Uc,3srCiRO75Uc_14000_24000,0,14,harp,unseen,v2
3VfsTnZwkDQ,3VfsTnZwkDQ_0_10000,0,0,guzheng,unseen,v2
4HlGbrNuyPU,4HlGbrNuyPU_0_10000,0,0,donkey,unseen,v2
4JYJRqwqWGM,4JYJRqwqWGM_54000_64000,0,54,bell,unseen,v2
4mYBwlzfH78,4mYBwlzfH78_53000_63000,0,53,emergency-car,unseen,v2
4niIHWNvUVw,4niIHWNvUVw_0_10000,0,0,helicopter,unseen,v2
4tVCIBilaSA,4tVCIBilaSA_5000_15000,0,5,leopard,unseen,v2
4u11s0GcLjw,4u11s0GcLjw_50000_60000,0,50,baby,unseen,v2
4VYKagH7_HU,4VYKagH7_HU_210000_220000,3,30,baby,unseen,v2
57Mxl9I5_1E,57Mxl9I5_1E_37000_47000,0,37,leopard,unseen,v2
5bb6T2FB0Vo,5bb6T2FB0Vo_30000_40000,0,30,harp,unseen,v2
5E1VqgcqlSQ,5E1VqgcqlSQ_5000_15000,0,5,donkey,unseen,v2
5EllFCrnSYc,5EllFCrnSYc_495000_505000,8,15,girl,unseen,v2
5EllFCrnSYc,5EllFCrnSYc_505000_515000,8,25,girl,unseen,v2
5EllFCrnSYc,5EllFCrnSYc_520000_530000,8,40,girl,unseen,v2
5LfpJzVzGHo,5LfpJzVzGHo_30000_40000,0,30,tiger,unseen,v2
5LtJ9sgHdfw,5LtJ9sgHdfw_0_10000,0,0,donkey,unseen,v2
5otuWD5-Zhc,5otuWD5-Zhc_120000_130000,2,0,bell,unseen,v2
66ATwgFqM-U,66ATwgFqM-U_0_10000,0,0,bell,unseen,v2
6IepS7Q1vcw,6IepS7Q1vcw_24000_34000,0,24,guzheng,unseen,v2
6Qx-Ps4Qroo,6Qx-Ps4Qroo_18000_28000,0,18,clock,unseen,v2
6uXz9bFXAM4,6uXz9bFXAM4_11000_21000,0,11,tiger,unseen,v2
6VZ6jLcMUFs,6VZ6jLcMUFs_6000_16000,0,6,guzheng,unseen,v2
6ynXQdEG4rY,6ynXQdEG4rY_9000_19000,0,9,squirrel,unseen,v2
716LcgLPN5w,716LcgLPN5w_0_10000,0,0,squirrel,unseen,v2
716LcgLPN5w,716LcgLPN5w_18000_28000,0,18,squirrel,unseen,v2
716LcgLPN5w,716LcgLPN5w_40000_50000,0,40,squirrel,unseen,v2
73QQbJIeB3Y,73QQbJIeB3Y_52000_62000,0,52,baby,unseen,v2
73QQbJIeB3Y,73QQbJIeB3Y_210000_220000,3,30,baby,unseen,v2
73QQbJIeB3Y,73QQbJIeB3Y_342000_352000,5,42,baby,unseen,v2
73QQbJIeB3Y,73QQbJIeB3Y_353000_363000,5,53,baby,unseen,v2
73QQbJIeB3Y,73QQbJIeB3Y_426000_436000,7,6,baby,unseen,v2
73QQbJIeB3Y,73QQbJIeB3Y_446000_456000,7,26,baby,unseen,v2
73QQbJIeB3Y,73QQbJIeB3Y_460000_470000,7,40,baby,unseen,v2
73QQbJIeB3Y,73QQbJIeB3Y_473000_483000,7,53,baby,unseen,v2
7PSyVqoTLbg,7PSyVqoTLbg_22000_32000,0,22,girl_boy,unseen,v2
7PSyVqoTLbg,7PSyVqoTLbg_53000_63000,0,53,girl,unseen,v2
7PSyVqoTLbg,7PSyVqoTLbg_67000_77000,1,7,boy,unseen,v2
7PSyVqoTLbg,7PSyVqoTLbg_84000_94000,1,24,girl,unseen,v2
7PSyVqoTLbg,7PSyVqoTLbg_115000_125000,1,55,girl_boy,unseen,v2
7PSyVqoTLbg,7PSyVqoTLbg_148000_158000,2,28,boy,unseen,v2
7PSyVqoTLbg,7PSyVqoTLbg_163000_173000,2,43,boy,unseen,v2
7PSyVqoTLbg,7PSyVqoTLbg_178000_188000,2,58,girl,unseen,v2
7PSyVqoTLbg,7PSyVqoTLbg_194000_204000,3,14,boy,unseen,v2
7PSyVqoTLbg,7PSyVqoTLbg_234000_244000,3,54,boy,unseen,v2
7PSyVqoTLbg,7PSyVqoTLbg_253000_263000,4,13,girl,unseen,v2
8-C4_FsA2NQ,8-C4_FsA2NQ_8000_18000,0,8,clock,unseen,v2
83dRnWywde8,83dRnWywde8_36000_46000,0,36,clock,unseen,v2
89IuqwavDU8,89IuqwavDU8_0_10000,0,0,tiger,unseen,v2
89IuqwavDU8,89IuqwavDU8_16000_26000,0,16,tiger,unseen,v2
89IuqwavDU8,89IuqwavDU8_65000_75000,1,5,tiger,unseen,v2
89IuqwavDU8,89IuqwavDU8_66000_76000,1,6,tiger,unseen,v2
89IuqwavDU8,89IuqwavDU8_105000_115000,1,45,tiger,unseen,v2
8b-2TFrx3fg,8b-2TFrx3fg_1000_11000,0,1,squirrel,unseen,v2
8b-2TFrx3fg,8b-2TFrx3fg_37000_47000,0,37,squirrel,unseen,v2
8cmMa2PUnvQ,8cmMa2PUnvQ_30000_40000,0,30,harp,unseen,v2
8cmMa2PUnvQ,8cmMa2PUnvQ_340000_350000,5,40,harp,unseen,v2
8O_kTENg-C8,8O_kTENg-C8_5000_15000,0,5,emergency-car,unseen,v2
8ooVSXeHb94,8ooVSXeHb94_30000_40000,0,30,bell,unseen,v2
8tNfLKZwxbk,8tNfLKZwxbk_6000_16000,0,6,tiger,unseen,v2
8Zo30kV5aiI,8Zo30kV5aiI_2000_12000,0,2,emergency-car,unseen,v2
9bVWy2qOToc,9bVWy2qOToc_1000_11000,0,1,bell,unseen,v2
9MFYZIuhxeg,9MFYZIuhxeg_0_10000,0,0,tiger,unseen,v2
9tlMPDhmKvQ,9tlMPDhmKvQ_105000_115000,1,45,harp,unseen,v2
9YPnEBtfxHU,9YPnEBtfxHU_10000_20000,0,10,emergency-car,unseen,v2
A_mC00lTqFw,A_mC00lTqFw_0_10000,0,0,squirrel,unseen,v2
a-ZjiaFgPjQ,a-ZjiaFgPjQ_210000_220000,3,30,tiger,unseen,v2
A9WspEav8eU,A9WspEav8eU_10000_20000,0,10,emergency-car,unseen,v2
AA2uS9VG7BQ,AA2uS9VG7BQ_1000_11000,0,1,leopard,unseen,v2
AA6GYNHPW04,AA6GYNHPW04_68000_78000,1,8,baby,unseen,v2
aDYOpGG7dd8,aDYOpGG7dd8_30000_40000,0,30,clock,unseen,v2
Aej_qJXECRE,Aej_qJXECRE_2000_12000,0,2,bell,unseen,v2
agerTpPvCOg,agerTpPvCOg_90000_100000,1,30,clock,unseen,v2
AgusA4q0rS4,AgusA4q0rS4_7000_17000,0,7,clock,unseen,v2
aReYDB4dqy0,aReYDB4dqy0_0_10000,0,0,tiger,unseen,v2
aReYDB4dqy0,aReYDB4dqy0_50000_60000,0,50,tiger,unseen,v2
aReYDB4dqy0,aReYDB4dqy0_81000_91000,1,21,tiger,unseen,v2
aYjuYcNqoIE,aYjuYcNqoIE_77000_87000,1,17,squirrel,unseen,v2
b_CLr2QHAVA,b_CLr2QHAVA_170000_180000,2,50,bell,unseen,v2
b4bIubTJPdM,b4bIubTJPdM_70000_80000,1,10,bell,unseen,v2
b4bIubTJPdM,b4bIubTJPdM_180000_190000,3,0,bell,unseen,v2
baby_dog_2_1,baby_dog_2_1,0,0,baby,unseen,v1m
bbgCbjrVE7E,bbgCbjrVE7E_3000_13000,0,3,harp,unseen,v2
bOP6Zeb2CnE,bOP6Zeb2CnE_1000_11000,0,1,harp,unseen,v2
BOyyLzPvdCE,BOyyLzPvdCE_1000_11000,0,1,emergency-car,unseen,v2
BRAQLY85x5U,BRAQLY85x5U_75000_85000,1,15,harp,unseen,v2
BVp7R6UBuuk,BVp7R6UBuuk_0_10000,0,0,tiger,unseen,v2
bzaRE36tlDs,bzaRE36tlDs_33000_43000,0,33,emergency-car,unseen,v2
bZUIOK81aSI,bZUIOK81aSI_0_10000,0,0,tiger,unseen,v2
bZUIOK81aSI,bZUIOK81aSI_34000_44000,0,34,tiger,unseen,v2
c-f2RSZ_LxU,c-f2RSZ_LxU_490000_500000,8,10,bell,unseen,v2
c0GWcmkOjLs,c0GWcmkOjLs_0_10000,0,0,donkey,unseen,v2
c36Exjlaxzg,c36Exjlaxzg_1000_11000,0,1,guzheng,unseen,v2
c36Exjlaxzg,c36Exjlaxzg_2000_12000,0,2,guzheng,unseen,v2
c36Exjlaxzg,c36Exjlaxzg_3000_13000,0,3,guzheng,unseen,v2
c36Exjlaxzg,c36Exjlaxzg_31000_41000,0,31,guzheng,unseen,v2
c36Exjlaxzg,c36Exjlaxzg_63000_73000,1,3,guzheng,unseen,v2
c36Exjlaxzg,c36Exjlaxzg_93000_103000,1,33,guzheng,unseen,v2
c36Exjlaxzg,c36Exjlaxzg_118000_128000,1,58,guzheng,unseen,v2
CE5gMnb-CH8,CE5gMnb-CH8_0_10000,0,0,emergency-car,unseen,v2
ceINiVCHf_w,ceINiVCHf_w_0_10000,0,0,tiger,unseen,v2
cJg2x2g0T9o,cJg2x2g0T9o_0_10000,0,0,donkey,unseen,v2
CM5M4o3prqg,CM5M4o3prqg_1000_11000,0,1,emergency-car,unseen,v2
cQeNLjYQgoA,cQeNLjYQgoA_9000_19000,0,9,baby,unseen,v2
cRT5SWbyA54,cRT5SWbyA54_3000_13000,0,3,tiger,unseen,v2
CTYIb2vRcIg,CTYIb2vRcIg_5000_15000,0,5,squirrel,unseen,v2
Cu0ccjyCvAI,Cu0ccjyCvAI_156000_166000,2,36,clock,unseen,v2
D2GrGAQchBY,D2GrGAQchBY_58000_68000,0,58,clock,unseen,v2
D3jHt5n6BVc,D3jHt5n6BVc_2000_12000,0,2,emergency-car,unseen,v2
D4RjUP6bSJs,D4RjUP6bSJs_76000_86000,1,16,harp,unseen,v2
DcNLqAwUF1s,DcNLqAwUF1s_24000_34000,0,24,donkey,unseen,v2
DcNLqAwUF1s,DcNLqAwUF1s_53000_63000,0,53,donkey,unseen,v2
dizGy3xpVhI,dizGy3xpVhI_20000_30000,0,20,harp,unseen,v2
dLXJMOPvPSU,dLXJMOPvPSU_2000_12000,0,2,harp,unseen,v2
dP2lzLin1Ho,dP2lzLin1Ho_6000_16000,0,6,squirrel,unseen,v2
dP2lzLin1Ho,dP2lzLin1Ho_70000_80000,1,10,squirrel,unseen,v2
DQ1ipAzV9Gk,DQ1ipAzV9Gk_204000_214000,3,24,boy,unseen,v2
DwL4s6GZNzg,DwL4s6GZNzg_20000_30000,0,20,clock,unseen,v2
DzXVMjsZloE,DzXVMjsZloE_0_10000,0,0,tiger,unseen,v2
DzXVMjsZloE,DzXVMjsZloE_39000_49000,0,39,tiger,unseen,v2
DzXVMjsZloE,DzXVMjsZloE_83000_93000,1,23,tiger,unseen,v2
DzXVMjsZloE,DzXVMjsZloE_220000_230000,3,40,tiger,unseen,v2
e0gCVbNNGi0,e0gCVbNNGi0_27000_37000,0,27,guzheng,unseen,v2
e5aCQbqUY9I,e5aCQbqUY9I_3000_13000,0,3,donkey,unseen,v2
e5aCQbqUY9I,e5aCQbqUY9I_26000_36000,0,26,donkey,unseen,v2
E6Qh3VTmtxU,E6Qh3VTmtxU_3000_13000,0,3,leopard,unseen,v2
E7gblb3C_o8,E7gblb3C_o8_0_10000,0,0,leopard,unseen,v2
EAb1vK4Lmdw,EAb1vK4Lmdw_5000_15000,0,5,donkey,unseen,v2
eAYGUMMEvyI,eAYGUMMEvyI_290000_300000,4,50,girl,unseen,v2
EDsWcIijZCw,EDsWcIijZCw_114000_124000,1,54,clock,unseen,v2
EECcnP3g3Ec,EECcnP3g3Ec_0_10000,0,0,bell,unseen,v2
Ef0ozkh5t-Y,Ef0ozkh5t-Y_11000_21000,0,11,clock,unseen,v2
eG964VYp9Tw,eG964VYp9Tw_1000_11000,0,1,bell,unseen,v2
eG964VYp9Tw,eG964VYp9Tw_25000_35000,0,25,bell,unseen,v2
eG964VYp9Tw,eG964VYp9Tw_46000_56000,0,46,bell,unseen,v2
eLU7u46S3pw,eLU7u46S3pw_22000_32000,0,22,baby,unseen,v2
eooNEHp9QNc,eooNEHp9QNc_38000_48000,0,38,harp,unseen,v2
eOxH2RMiXys,eOxH2RMiXys_42000_52000,0,42,harp,unseen,v2
eOxH2RMiXys,eOxH2RMiXys_70000_80000,1,10,harp,unseen,v2
eqMfHZ96Vc0,eqMfHZ96Vc0_0_10000,0,0,squirrel,unseen,v2
eRspD2OWCr8,eRspD2OWCr8_161000_171000,2,41,hen,unseen,v2
eRspD2OWCr8,eRspD2OWCr8_351000_361000,5,51,hen,unseen,v2
Es-5eFPeyEY,Es-5eFPeyEY_148000_158000,2,28,harp,unseen,v2
eSspgUDyNXQ,eSspgUDyNXQ_0_10000,0,0,clock,unseen,v2
eSv2JooWa-4,eSv2JooWa-4_0_10000,0,0,squirrel,unseen,v2
eSv2JooWa-4,eSv2JooWa-4_40000_50000,0,40,squirrel,unseen,v2
eSv2JooWa-4,eSv2JooWa-4_55000_65000,0,55,squirrel,unseen,v2
eYQskhGxAcc,eYQskhGxAcc_0_10000,0,0,hen,unseen,v2
eYQskhGxAcc,eYQskhGxAcc_90000_100000,1,30,hen,unseen,v2
eYQskhGxAcc,eYQskhGxAcc_190000_200000,3,10,hen,unseen,v2
EZ4COEsxRbs,EZ4COEsxRbs_0_10000,0,0,leopard,unseen,v2
EZ4COEsxRbs,EZ4COEsxRbs_35000_45000,0,35,leopard,unseen,v2
EZ4COEsxRbs,EZ4COEsxRbs_50000_60000,0,50,leopard,unseen,v2
EZ4COEsxRbs,EZ4COEsxRbs_110000_120000,1,50,leopard,unseen,v2
F_yF3__78aY,F_yF3__78aY_7000_17000,0,7,donkey,unseen,v2
f3aDZVelp70,f3aDZVelp70_1000_11000,0,1,emergency-car,unseen,v2
ffCKlqWOewo,ffCKlqWOewo_25000_35000,0,25,guzheng,unseen,v2
fk16KnVBFr4,fk16KnVBFr4_15000_25000,0,15,harp,unseen,v2
FobLujww_Dg,FobLujww_Dg_6000_16000,0,6,tiger,unseen,v2
FOQW__jvZ44,FOQW__jvZ44_6000_16000,0,6,squirrel,unseen,v2
FPMxyaUdgZ8,FPMxyaUdgZ8_3000_13000,0,3,clock,unseen,v2
FUARdSk5X_c,FUARdSk5X_c_8000_18000,0,8,donkey,unseen,v2
FuWDfaQjbvs,FuWDfaQjbvs_100000_110000,1,40,clock,unseen,v2
FVRJsCsqFB0,FVRJsCsqFB0_18000_28000,0,18,squirrel,unseen,v2
FXaFJAmZEiE,FXaFJAmZEiE_3000_13000,0,3,emergency-car,unseen,v2
FyywFlozNjw,FyywFlozNjw_50000_60000,0,50,harp,unseen,v2
FzTaWlxFJMI,FzTaWlxFJMI_196000_206000,3,16,clock,unseen,v2
g_raRMKTTC4,g_raRMKTTC4_2000_12000,0,2,bell,unseen,v2
G7dBgSxDJTU,G7dBgSxDJTU_0_10000,0,0,helicopter,unseen,v2
G7dBgSxDJTU,G7dBgSxDJTU_60000_70000,1,0,helicopter,unseen,v2
G7dZfzvZcTs,G7dZfzvZcTs_79000_89000,1,19,baby,unseen,v2
g8bdycR6YnI,g8bdycR6YnI_0_10000,0,0,emergency-car,unseen,v2
G8cNVgg0k8Y,G8cNVgg0k8Y_26000_36000,0,26,emergency-car,unseen,v2
Ga3bkulWTq8,Ga3bkulWTq8_10000_20000,0,10,tiger,unseen,v2
gb5K5IjS7EA,gb5K5IjS7EA_292000_302000,4,52,clock,unseen,v2
GbU92wmEQDU,GbU92wmEQDU_25000_35000,0,25,clock,unseen,v2
GE7sFL3zC24,GE7sFL3zC24_80000_90000,1,20,clock,unseen,v2
gEFAd1b1pgc,gEFAd1b1pgc_1000_11000,0,1,harp,unseen,v2
GgV0yYogTPI,GgV0yYogTPI_16000_26000,0,16,emergency-car,unseen,v2
GhF5M_X7woY,GhF5M_X7woY_0_10000,0,0,emergency-car,unseen,v2
ghYHbwSg0S4,ghYHbwSg0S4_0_10000,0,0,tiger,unseen,v2
GiHu0i4x63g,GiHu0i4x63g_171000_181000,2,51,harp,unseen,v2
gLFJtljAlF0,gLFJtljAlF0_8000_18000,0,8,harp,unseen,v2
GmaipY6lFSs,GmaipY6lFSs_3000_13000,0,3,guzheng,unseen,v2
GmaipY6lFSs,GmaipY6lFSs_25000_35000,0,25,guzheng,unseen,v2
GmaipY6lFSs,GmaipY6lFSs_59000_69000,0,59,guzheng,unseen,v2
GMGstA9qavU,GMGstA9qavU_34000_44000,0,34,donkey,unseen,v2
gmK4cCnoUos,gmK4cCnoUos_6000_16000,0,6,hen,unseen,v2
gmK4cCnoUos,gmK4cCnoUos_136000_146000,2,16,hen,unseen,v2
gmK4cCnoUos,gmK4cCnoUos_166000_176000,2,46,hen,unseen,v2
gmVP1bAB_Jk_3,gmVP1bAB_Jk_3,0,0,baby,unseen,v1m
gmVP1bAB_Jk_4,gmVP1bAB_Jk_4,0,0,baby,unseen,v1m
GPzoVbMYKpk,GPzoVbMYKpk_6000_16000,0,6,donkey,unseen,v2
GqLIHSRnM3E,GqLIHSRnM3E_54000_64000,0,54,bell,unseen,v2
GqLIHSRnM3E,GqLIHSRnM3E_303000_313000,5,3,bell,unseen,v2
GrB3PRl2ZhQ,GrB3PRl2ZhQ_20000_30000,0,20,harp,unseen,v2
gtQLIU4ze0g,gtQLIU4ze0g_12000_22000,0,12,donkey,unseen,v2
gw0VS2p6mVQ,gw0VS2p6mVQ_183000_193000,3,3,guzheng,unseen,v2
gwxyvsQa5RU,gwxyvsQa5RU_84000_94000,1,24,boy,unseen,v2
gz3jJDIHl6I,gz3jJDIHl6I_18000_28000,0,18,tiger,unseen,v2
H4QhOHejyzE,H4QhOHejyzE_70000_80000,1,10,clock,unseen,v2
HcOjuoxbOas,HcOjuoxbOas_55000_65000,0,55,harp,unseen,v2
HD_SJOt9sP8,HD_SJOt9sP8_0_10000,0,0,leopard,unseen,v2
HD_SJOt9sP8,HD_SJOt9sP8_19000_29000,0,19,leopard,unseen,v2
HD_SJOt9sP8,HD_SJOt9sP8_40000_50000,0,40,leopard,unseen,v2
HD_SJOt9sP8,HD_SJOt9sP8_57000_67000,0,57,leopard,unseen,v2
HD_SJOt9sP8,HD_SJOt9sP8_68000_78000,1,8,leopard,unseen,v2
hdKuKUkQ_dA,hdKuKUkQ_dA_12000_22000,0,12,guzheng,unseen,v2
HgDjJ4NY9SA,HgDjJ4NY9SA_8000_18000,0,8,tiger,unseen,v2
HgDjJ4NY9SA,HgDjJ4NY9SA_19000_29000,0,19,tiger,unseen,v2
HgDjJ4NY9SA,HgDjJ4NY9SA_42000_52000,0,42,tiger,unseen,v2
Hid0E4IhUCs,Hid0E4IhUCs_240000_250000,4,0,bell,unseen,v2
HleGtR7SLgo,HleGtR7SLgo_42000_52000,0,42,squirrel,unseen,v2
HleGtR7SLgo,HleGtR7SLgo_74000_84000,1,14,squirrel,unseen,v2
hM6wpiXiGtE,hM6wpiXiGtE_0_10000,0,0,squirrel,unseen,v2
hX_WDKqfPvo,hX_WDKqfPvo_10000_20000,0,10,harp,unseen,v2
HY4ifNIN-10,HY4ifNIN-10_10000_20000,0,10,bell,unseen,v2
hyLaDaSWhPw,hyLaDaSWhPw_16000_26000,0,16,girl,unseen,v2
hyLaDaSWhPw,hyLaDaSWhPw_47000_57000,0,47,boy,unseen,v2
hyLaDaSWhPw,hyLaDaSWhPw_80000_90000,1,20,boy,unseen,v2
HYRRG2fbiDE,HYRRG2fbiDE_60000_70000,1,0,clock,unseen,v2
HzLVwdgarxw,HzLVwdgarxw_50000_60000,0,50,emergency-car,unseen,v2
i5tB2j0MANE,i5tB2j0MANE_5000_15000,0,5,guzheng,unseen,v2
i6IR0JmfkvQ,i6IR0JmfkvQ_43000_53000,0,43,squirrel,unseen,v2
i6IR0JmfkvQ,i6IR0JmfkvQ_70000_80000,1,10,squirrel,unseen,v2
IaqrkypKspA,IaqrkypKspA_2000_12000,0,2,harp,unseen,v2
IDvAmHTOVb4,IDvAmHTOVb4_10000_20000,0,10,harp,unseen,v2
ImI6wq8MZHI,ImI6wq8MZHI_33000_43000,0,33,clock,unseen,v2
IMOQv1QHxSQ,IMOQv1QHxSQ_21000_31000,0,21,squirrel,unseen,v2
Io0fl6aRqi0,Io0fl6aRqi0_240000_250000,4,0,girl,unseen,v2
Io0fl6aRqi0,Io0fl6aRqi0_300000_310000,5,0,girl,unseen,v2
Io0fl6aRqi0,Io0fl6aRqi0_710000_720000,11,50,girl,unseen,v2
Io0fl6aRqi0,Io0fl6aRqi0_720000_730000,12,0,girl,unseen,v2
Io0fl6aRqi0,Io0fl6aRqi0_730000_740000,12,10,girl,unseen,v2
iT_flDZDp-k,iT_flDZDp-k_23000_33000,0,23,tiger,unseen,v2
iTHTVSaUllA,iTHTVSaUllA_755000_765000,12,35,girl,unseen,v2
iTHTVSaUllA,iTHTVSaUllA_1040000_1050000,17,20,girl,unseen,v2
iTHTVSaUllA,iTHTVSaUllA_1090000_1100000,18,10,girl,unseen,v2
iTHTVSaUllA,iTHTVSaUllA_1460000_1470000,24,20,girl,unseen,v2
iTHTVSaUllA,iTHTVSaUllA_1480000_1490000,24,40,girl,unseen,v2
iux1NLDSJhU,iux1NLDSJhU_57000_67000,0,57,leopard,unseen,v2
iwSk7mKkakY,iwSk7mKkakY_0_10000,0,0,guzheng,unseen,v2
j1PPhlOpAx0_1,j1PPhlOpAx0_1,0,0,baby,unseen,v1m
j2TfANoxqtU,j2TfANoxqtU_26000_36000,0,26,clock,unseen,v2
JDTp_YQizqE,JDTp_YQizqE_50000_60000,0,50,guzheng,unseen,v2
jFcUXJ8iv8g,jFcUXJ8iv8g_30000_40000,0,30,bell,unseen,v2
jj1UxRTBaNw,jj1UxRTBaNw_44000_54000,0,44,guzheng,unseen,v2
jj1UxRTBaNw,jj1UxRTBaNw_298000_308000,4,58,guzheng,unseen,v2
jLjZskgm1eQ,jLjZskgm1eQ_0_10000,0,0,emergency-car,unseen,v2
JnQ2_YJ1lUI,JnQ2_YJ1lUI_110000_120000,1,50,harp,unseen,v2
jonjkrfmdv4,jonjkrfmdv4_9000_19000,0,9,girl_boy,unseen,v2
jonjkrfmdv4,jonjkrfmdv4_70000_80000,1,10,girl_boy,unseen,v2
JpsQ2ha42OE,JpsQ2ha42OE_18000_28000,0,18,guzheng,unseen,v2
JuaiNGsbGxE,JuaiNGsbGxE_30000_40000,0,30,bell,unseen,v2
Jv2KuP0hdFU,Jv2KuP0hdFU_6000_16000,0,6,girl_boy,unseen,v2
JWQdH5s7pBs,JWQdH5s7pBs_20000_30000,0,20,emergency-car,unseen,v2
jxqHpfCWo5k,jxqHpfCWo5k_6000_16000,0,6,guzheng,unseen,v2
JYd0Ex6nGvs,JYd0Ex6nGvs_15000_25000,0,15,hen,unseen,v2
K-CP5umRSJE,K-CP5umRSJE_0_10000,0,0,leopard,unseen,v2
k-R56-J75kI,k-R56-J75kI_56000_66000,0,56,clock,unseen,v2
k-R56-J75kI,k-R56-J75kI_57000_67000,0,57,clock,unseen,v2
KenjW8m-9jc,KenjW8m-9jc_0_10000,0,0,donkey,unseen,v2
Kh9GbYugA1Y,Kh9GbYugA1Y_0_10000,0,0,boy,unseen,v2
Kh9GbYugA1Y,Kh9GbYugA1Y_24000_34000,0,24,boy,unseen,v2
Kh9GbYugA1Y,Kh9GbYugA1Y_45000_55000,0,45,boy,unseen,v2
Kh9GbYugA1Y,Kh9GbYugA1Y_94000_104000,1,34,boy,unseen,v2
Kh9GbYugA1Y,Kh9GbYugA1Y_115000_125000,1,55,boy,unseen,v2
Kh9GbYugA1Y,Kh9GbYugA1Y_130000_140000,2,10,boy,unseen,v2
Kh9GbYugA1Y,Kh9GbYugA1Y_154000_164000,2,34,boy,unseen,v2
KIQl1-cjNTY,KIQl1-cjNTY_30000_40000,0,30,harp,unseen,v2
Kv43RSOe9OA,Kv43RSOe9OA_0_10000,0,0,emergency-car,unseen,v2
KXuATbeFwn8,KXuATbeFwn8_90000_100000,1,30,clock,unseen,v2
Kyr3FyjZkBs,Kyr3FyjZkBs_13000_23000,0,13,harp,unseen,v2
l5bjljDHFK0,l5bjljDHFK0_67000_77000,1,7,guzheng,unseen,v2
L6Xg4NufpAQ,L6Xg4NufpAQ_10000_20000,0,10,harp,unseen,v2
lcPpCRidCF8,lcPpCRidCF8_1000_11000,0,1,guzheng,unseen,v2
lCTH25Jdk-A,lCTH25Jdk-A_27000_37000,0,27,tiger,unseen,v2
le7OQFSl3S0,le7OQFSl3S0_110000_120000,1,50,harp,unseen,v2
lIpZFUsIn4A,lIpZFUsIn4A_110000_120000,1,50,emergency-car,unseen,v2
lIpZFUsIn4A,lIpZFUsIn4A_158000_168000,2,38,emergency-car,unseen,v2
lIpZFUsIn4A,lIpZFUsIn4A_200000_210000,3,20,emergency-car,unseen,v2
LitaFzObEEk,LitaFzObEEk_5000_15000,0,5,baby,unseen,v2
lLJH2JJUcMM,lLJH2JJUcMM_22000_32000,0,22,guzheng,unseen,v2
lneLeKzHitQ,lneLeKzHitQ_5000_15000,0,5,helicopter,unseen,v2
LV0Z0xiAknk,LV0Z0xiAknk_3000_13000,0,3,leopard,unseen,v2
lV1YAj9vwMI,lV1YAj9vwMI_11000_21000,0,11,emergency-car,unseen,v2
LV4ueNAZVrM,LV4ueNAZVrM_18000_28000,0,18,bell,unseen,v2
LVrFm1KRkXA,LVrFm1KRkXA_16000_26000,0,16,bell,unseen,v2
lVVawG0yx0A,lVVawG0yx0A_1000_11000,0,1,squirrel,unseen,v2
LXWQMp_b-ak,LXWQMp_b-ak_27000_37000,0,27,emergency-car,unseen,v2
LZI1N5TMAEs,LZI1N5TMAEs_80000_90000,1,20,tiger,unseen,v2
m_TDmJDVh0o,m_TDmJDVh0o_14000_24000,0,14,emergency-car,unseen,v2
m_TDmJDVh0o,m_TDmJDVh0o_172000_182000,2,52,emergency-car,unseen,v2
m_TDmJDVh0o,m_TDmJDVh0o_307000_317000,5,7,emergency-car,unseen,v2
MCI7MZYdwoo,MCI7MZYdwoo_10000_20000,0,10,bell,unseen,v2
MCI7MZYdwoo,MCI7MZYdwoo_30000_40000,0,30,bell,unseen,v2
MDHqWp129tQ,MDHqWp129tQ_5000_15000,0,5,emergency-car,unseen,v2
MdTXblKbQAA,MdTXblKbQAA_360000_370000,6,0,hen,unseen,v2
MdTXblKbQAA,MdTXblKbQAA_440000_450000,7,20,hen,unseen,v2
ME5ttvVqVIQ,ME5ttvVqVIQ_2000_12000,0,2,emergency-car,unseen,v2
MfAmJKx0B1o,MfAmJKx0B1o_3000_13000,0,3,donkey,unseen,v2
MG5TeRroRsk,MG5TeRroRsk_0_10000,0,0,bell,unseen,v2
mgi_v4Z3_7E,mgi_v4Z3_7E_7000_17000,0,7,leopard,unseen,v2
MI6u-mzUkOQ,MI6u-mzUkOQ_11000_21000,0,11,harp,unseen,v2
MI6u-mzUkOQ,MI6u-mzUkOQ_120000_130000,2,0,harp,unseen,v2
MiY4qUku6sk,MiY4qUku6sk_8000_18000,0,8,leopard,unseen,v2
Mk23vQxKr6U,Mk23vQxKr6U_140000_150000,2,20,bell,unseen,v2
mLIWQjS35T4,mLIWQjS35T4_21000_31000,0,21,squirrel,unseen,v2
mLIWQjS35T4,mLIWQjS35T4_189000_199000,3,9,squirrel,unseen,v2
MlNHRSN-gmw,MlNHRSN-gmw_5000_15000,0,5,emergency-car,unseen,v2
MLnq3WOdlgs,MLnq3WOdlgs_232000_242000,3,52,bell,unseen,v2
MR5av1Jn96Y,MR5av1Jn96Y_53000_63000,0,53,donkey,unseen,v2
mrwRO6AJhnk,mrwRO6AJhnk_2000_12000,0,2,bell,unseen,v2
Mw16pkQef_g,Mw16pkQef_g_1000_11000,0,1,guzheng,unseen,v2
Mw16pkQef_g,Mw16pkQef_g_4000_14000,0,4,guzheng,unseen,v2
Mw16pkQef_g,Mw16pkQef_g_26000_36000,0,26,guzheng,unseen,v2
Mw16pkQef_g,Mw16pkQef_g_44000_54000,0,44,guzheng,unseen,v2
Mw16pkQef_g,Mw16pkQef_g_66000_76000,1,6,guzheng,unseen,v2
Mw16pkQef_g,Mw16pkQef_g_81000_91000,1,21,guzheng,unseen,v2
MZUxosbbAjQ,MZUxosbbAjQ_20000_30000,0,20,clock,unseen,v2
n_w9ua7Vg-0,n_w9ua7Vg-0_309000_319000,5,9,girl,unseen,v2
N8k90Nr9upM,N8k90Nr9upM_35000_45000,0,35,hen,unseen,v2
N8k90Nr9upM,N8k90Nr9upM_55000_65000,0,55,hen,unseen,v2
N8k90Nr9upM,N8k90Nr9upM_80000_90000,1,20,hen,unseen,v2
N8k90Nr9upM,N8k90Nr9upM_100000_110000,1,40,hen,unseen,v2
N8k90Nr9upM,N8k90Nr9upM_130000_140000,2,10,hen,unseen,v2
NAbto3W5uzA,NAbto3W5uzA_30000_40000,0,30,bell,unseen,v2
NAbto3W5uzA,NAbto3W5uzA_34000_44000,0,34,bell,unseen,v2
NdCxHJIYz8I,NdCxHJIYz8I_1000_11000,0,1,donkey,unseen,v2
Ndsha-7f-aw,Ndsha-7f-aw_2000_12000,0,2,squirrel,unseen,v2
NF28vE2RTpw,NF28vE2RTpw_6000_16000,0,6,leopard,unseen,v2
NJPprfrG4sM,NJPprfrG4sM_1000_11000,0,1,hen,unseen,v2
nK8k3FZParU,nK8k3FZParU_0_10000,0,0,baby,unseen,v2
NoS_7g-_nN0,NoS_7g-_nN0_4000_14000,0,4,bell,unseen,v2
nPMi136tURg,nPMi136tURg_15000_25000,0,15,leopard,unseen,v2
NRi5B2FdjfY,NRi5B2FdjfY_25000_35000,0,25,harp,unseen,v2
NRi5B2FdjfY,NRi5B2FdjfY_37000_47000,0,37,harp,unseen,v2
nWS4Eu8E2z4,nWS4Eu8E2z4_5000_15000,0,5,donkey,unseen,v2
NzJp2eh20Kk,NzJp2eh20Kk_0_10000,0,0,leopard,unseen,v2
NzJp2eh20Kk,NzJp2eh20Kk_17000_27000,0,17,leopard,unseen,v2
oaXTZHfa-x8,oaXTZHfa-x8_18000_28000,0,18,harp,unseen,v2
oaXTZHfa-x8,oaXTZHfa-x8_489000_499000,8,9,harp,unseen,v2
oaXTZHfa-x8,oaXTZHfa-x8_521000_531000,8,41,harp,unseen,v2
oaXTZHfa-x8,oaXTZHfa-x8_906000_916000,15,6,harp,unseen,v2
oBSn7Ker0aY,oBSn7Ker0aY_3000_13000,0,3,harp,unseen,v2
oDJDeFSc-Wc,oDJDeFSc-Wc_25000_35000,0,25,harp,unseen,v2
ODtzRJgFZSU,ODtzRJgFZSU_0_10000,0,0,leopard,unseen,v2
oEylir-seVI,oEylir-seVI_35000_45000,0,35,harp,unseen,v2
oEylir-seVI,oEylir-seVI_180000_190000,3,0,harp,unseen,v2
Ogi50QQlmFo,Ogi50QQlmFo_270000_280000,4,30,bell,unseen,v2
ohdxC8DBBU4,ohdxC8DBBU4_30000_40000,0,30,guzheng,unseen,v2
oOOK-ds8CSQ,oOOK-ds8CSQ_45000_55000,0,45,guzheng,unseen,v2
OqH4Is-BBU8,OqH4Is-BBU8_0_10000,0,0,clock,unseen,v2
Oqol-yj-Q90,Oqol-yj-Q90_9000_19000,0,9,leopard,unseen,v2
Oqol-yj-Q90,Oqol-yj-Q90_47000_57000,0,47,leopard,unseen,v2
Oqol-yj-Q90,Oqol-yj-Q90_98000_108000,1,38,leopard,unseen,v2
Oqol-yj-Q90,Oqol-yj-Q90_114000_124000,1,54,leopard,unseen,v2
OrRvfVD77Z4,OrRvfVD77Z4_25000_35000,0,25,squirrel,unseen,v2
orU_rypL43w,orU_rypL43w_0_10000,0,0,donkey,unseen,v2
OtefgyYHghg,OtefgyYHghg_0_10000,0,0,baby,unseen,v2
OuayFuOT8Gk,OuayFuOT8Gk_5000_15000,0,5,boy,unseen,v2
Ox7OpIu5CLI_0,Ox7OpIu5CLI_0,0,0,baby,unseen,v1m
Ox7OpIu5CLI_1,Ox7OpIu5CLI_1,0,0,baby,unseen,v1m
Ox7OpIu5CLI_3,Ox7OpIu5CLI_3,0,0,baby,unseen,v1m
Ox7OpIu5CLI_5,Ox7OpIu5CLI_5,0,0,baby,unseen,v1m
Ox7OpIu5CLI_6,Ox7OpIu5CLI_6,0,0,baby,unseen,v1m
Ox7OpIu5CLI_7,Ox7OpIu5CLI_7,0,0,baby,unseen,v1m
Ox7OpIu5CLI_8,Ox7OpIu5CLI_8,0,0,baby,unseen,v1m
oxdRqOnkCiY,oxdRqOnkCiY_14000_24000,0,14,harp,unseen,v2
oxdRqOnkCiY,oxdRqOnkCiY_33000_43000,0,33,harp,unseen,v2
OXi5eZwCoq0,OXi5eZwCoq0_25000_35000,0,25,bell,unseen,v2
OXvrQ0XIAeM,OXvrQ0XIAeM_360000_370000,6,0,bell,unseen,v2
P5BLF9TugjI,P5BLF9TugjI_20000_30000,0,20,harp,unseen,v2
pF9aR9qwiBs,pF9aR9qwiBs_180000_190000,3,0,guzheng,unseen,v2
pfPWhjv_Wb0,pfPWhjv_Wb0_300000_310000,5,0,bell,unseen,v2
Pgn_5eHt1Xw,Pgn_5eHt1Xw_6000_16000,0,6,guzheng,unseen,v2
Pgn_5eHt1Xw,Pgn_5eHt1Xw_15000_25000,0,15,guzheng,unseen,v2
Pgn_5eHt1Xw,Pgn_5eHt1Xw_44000_54000,0,44,guzheng,unseen,v2
Pgn_5eHt1Xw,Pgn_5eHt1Xw_78000_88000,1,18,guzheng,unseen,v2
Pgn_5eHt1Xw,Pgn_5eHt1Xw_106000_116000,1,46,guzheng,unseen,v2
pI0tqqolal4,pI0tqqolal4_10000_20000,0,10,harp,unseen,v2
pkaD_RT2XJw,pkaD_RT2XJw_0_10000,0,0,baby,unseen,v2
pmLSvW76Hpo,pmLSvW76Hpo_60000_70000,1,0,squirrel,unseen,v2
PVlTiXvFHMo,PVlTiXvFHMo_30000_40000,0,30,bell,unseen,v2
PVlTiXvFHMo,PVlTiXvFHMo_148000_158000,2,28,bell,unseen,v2
PZ-qUWM5OLY,PZ-qUWM5OLY_15000_25000,0,15,emergency-car,unseen,v2
q0YITylmxUU,q0YITylmxUU_0_10000,0,0,donkey,unseen,v2
Q1pZUmvQbWk_3,Q1pZUmvQbWk_3,0,0,baby,unseen,v1m
Q7DShxbs-9E,Q7DShxbs-9E_0_10000,0,0,squirrel,unseen,v2
qeH6tv0fgWk,qeH6tv0fgWk_12000_22000,0,12,bell,unseen,v2
QfSTaybPeVM,QfSTaybPeVM_0_10000,0,0,emergency-car,unseen,v2
QHttrMTur1w,QHttrMTur1w_125000_135000,2,5,tiger,unseen,v2
QHttrMTur1w,QHttrMTur1w_172000_182000,2,52,tiger,unseen,v2
QHttrMTur1w,QHttrMTur1w_228000_238000,3,48,tiger,unseen,v2
QHttrMTur1w,QHttrMTur1w_256000_266000,4,16,tiger,unseen,v2
QIo0-AgyKBA,QIo0-AgyKBA_0_10000,0,0,tiger,unseen,v2
QJAlLhhyawA,QJAlLhhyawA_40000_50000,0,40,donkey,unseen,v2
qkQKEtDSTEo,qkQKEtDSTEo_73000_83000,1,13,tiger,unseen,v2
Qmp8BQKSJOg,Qmp8BQKSJOg_440000_450000,7,20,bell,unseen,v2
Qocj8lVXvWA,Qocj8lVXvWA_500000_510000,8,20,bell,unseen,v2
qqd-lxnj0Nw,qqd-lxnj0Nw_12000_22000,0,12,guzheng,unseen,v2
qte9yjy0H8s,qte9yjy0H8s_0_10000,0,0,emergency-car,unseen,v2
QuqyU_wvJWc,QuqyU_wvJWc_13000_23000,0,13,emergency-car,unseen,v2
qWwiLmSRwgY,qWwiLmSRwgY_70000_80000,1,10,harp,unseen,v2
qWwiLmSRwgY,qWwiLmSRwgY_215000_225000,3,35,harp,unseen,v2
qxvDjNrd6Zs,qxvDjNrd6Zs_0_10000,0,0,helicopter,unseen,v2
qxvDjNrd6Zs,qxvDjNrd6Zs_15000_25000,0,15,helicopter,unseen,v2
QzeaVfCFYSk,QzeaVfCFYSk_210000_220000,3,30,clock,unseen,v2
R1n36TxqFQY,R1n36TxqFQY_5000_15000,0,5,harp,unseen,v2
r3h8t6P80x4,r3h8t6P80x4_5000_15000,0,5,harp,unseen,v2
r6y3moxAtXQ,r6y3moxAtXQ_10000_20000,0,10,squirrel,unseen,v2
r6y3moxAtXQ,r6y3moxAtXQ_52000_62000,0,52,squirrel,unseen,v2
r6y3moxAtXQ,r6y3moxAtXQ_87000_97000,1,27,squirrel,unseen,v2
r6y3moxAtXQ,r6y3moxAtXQ_113000_123000,1,53,squirrel,unseen,v2
r6y3moxAtXQ,r6y3moxAtXQ_155000_165000,2,35,squirrel,unseen,v2
r77M_VroAlc,r77M_VroAlc_60000_70000,1,0,baby,unseen,v2
r77M_VroAlc,r77M_VroAlc_111000_121000,1,51,baby,unseen,v2
r77M_VroAlc,r77M_VroAlc_172000_182000,2,52,baby,unseen,v2
rA46OCJsFek,rA46OCJsFek_80000_90000,1,20,bell,unseen,v2
RAo_mV3MW_0,RAo_mV3MW_0_15000_25000,0,15,donkey,unseen,v2
RAo_mV3MW_0,RAo_mV3MW_0_30000_40000,0,30,donkey,unseen,v2
RAo_mV3MW_0,RAo_mV3MW_0_123000_133000,2,3,donkey,unseen,v2
RB44EBCHQig,RB44EBCHQig_27000_37000,0,27,baby,unseen,v2
RBngMM1GJXc,RBngMM1GJXc_6000_16000,0,6,baby,unseen,v2
RhmN8ktt5FI,RhmN8ktt5FI_248000_258000,4,8,bell,unseen,v2
rNqsEu5o3q0,rNqsEu5o3q0_0_10000,0,0,clock,unseen,v2
RT3Kpdofmmo,RT3Kpdofmmo_2000_12000,0,2,guzheng,unseen,v2
RT3Kpdofmmo,RT3Kpdofmmo_33000_43000,0,33,guzheng,unseen,v2
RT3Kpdofmmo,RT3Kpdofmmo_60000_70000,1,0,guzheng,unseen,v2
RT3Kpdofmmo,RT3Kpdofmmo_108000_118000,1,48,guzheng,unseen,v2
RtqcDfg0QLg,RtqcDfg0QLg_20000_30000,0,20,squirrel,unseen,v2
Ru7m8PyMlVM,Ru7m8PyMlVM_120000_130000,2,0,clock,unseen,v2
RxEOznfzWYs,RxEOznfzWYs_35000_45000,0,35,harp,unseen,v2
S-SWavbteM0,S-SWavbteM0_42000_52000,0,42,emergency-car,unseen,v2
s0cmB7LtzUU,s0cmB7LtzUU_68000_78000,1,8,clock,unseen,v2
s0cmB7LtzUU,s0cmB7LtzUU_76000_86000,1,16,clock,unseen,v2
s8t59EtmI_o,s8t59EtmI_o_0_10000,0,0,squirrel,unseen,v2
s8t59EtmI_o,s8t59EtmI_o_10000_20000,0,10,squirrel,unseen,v2
s8t59EtmI_o,s8t59EtmI_o_30000_40000,0,30,squirrel,unseen,v2
s8t59EtmI_o,s8t59EtmI_o_40000_50000,0,40,squirrel,unseen,v2
s8t59EtmI_o,s8t59EtmI_o_50000_60000,0,50,squirrel,unseen,v2
s8t59EtmI_o,s8t59EtmI_o_60000_70000,1,0,squirrel,unseen,v2
s8t59EtmI_o,s8t59EtmI_o_70000_80000,1,10,squirrel,unseen,v2
s8t59EtmI_o,s8t59EtmI_o_80000_90000,1,20,squirrel,unseen,v2
s8t59EtmI_o,s8t59EtmI_o_90000_100000,1,30,squirrel,unseen,v2
s8t59EtmI_o,s8t59EtmI_o_100000_110000,1,40,squirrel,unseen,v2
s8t59EtmI_o,s8t59EtmI_o_110000_120000,1,50,squirrel,unseen,v2
sd1gAgsXMsc,sd1gAgsXMsc_77000_87000,1,17,bell,unseen,v2
sd1gAgsXMsc,sd1gAgsXMsc_371000_381000,6,11,bell,unseen,v2
sdAAD_Bc6fI,sdAAD_Bc6fI_20000_30000,0,20,bell,unseen,v2
sj7fRTSeJ6M,sj7fRTSeJ6M_44000_54000,0,44,donkey,unseen,v2
sjIEiu_ovKc,sjIEiu_ovKc_0_10000,0,0,harp,unseen,v2
SoTrD8MgcSA,SoTrD8MgcSA_80000_90000,1,20,bell,unseen,v2
SoTrD8MgcSA,SoTrD8MgcSA_160000_170000,2,40,bell,unseen,v2
SS53enMsEZg,SS53enMsEZg_0_10000,0,0,leopard,unseen,v2
SS53enMsEZg,SS53enMsEZg_15000_25000,0,15,leopard,unseen,v2
SucHzZGN_Ig,SucHzZGN_Ig_40000_50000,0,40,bell,unseen,v2
sUktuuWltHc,sUktuuWltHc_2000_12000,0,2,donkey,unseen,v2
sUktuuWltHc,sUktuuWltHc_13000_23000,0,13,donkey,unseen,v2
SVX79Aka094,SVX79Aka094_1000_11000,0,1,harp,unseen,v2
SZgA5Qg-U8s,SZgA5Qg-U8s_18000_28000,0,18,emergency-car,unseen,v2
T0-lebOWL3o,T0-lebOWL3o_3000_13000,0,3,guzheng,unseen,v2
T0-lebOWL3o,T0-lebOWL3o_31000_41000,0,31,guzheng,unseen,v2
T0-lebOWL3o,T0-lebOWL3o_56000_66000,0,56,guzheng,unseen,v2
T0-lebOWL3o,T0-lebOWL3o_99000_109000,1,39,guzheng,unseen,v2
T0-lebOWL3o,T0-lebOWL3o_133000_143000,2,13,guzheng,unseen,v2
T0-lebOWL3o,T0-lebOWL3o_172000_182000,2,52,guzheng,unseen,v2
T0-lebOWL3o,T0-lebOWL3o_205000_215000,3,25,guzheng,unseen,v2
t2k36jTsAFE,t2k36jTsAFE_14000_24000,0,14,tiger,unseen,v2
t2k36jTsAFE,t2k36jTsAFE_70000_80000,1,10,tiger,unseen,v2
t3z2bY00Cpw,t3z2bY00Cpw_0_10000,0,0,leopard,unseen,v2
t8rwfrPCW1M,t8rwfrPCW1M_60000_70000,1,0,bell,unseen,v2
TbRIL3GBWa0,TbRIL3GBWa0_7000_17000,0,7,guzheng,unseen,v2
TbRIL3GBWa0,TbRIL3GBWa0_33000_43000,0,33,guzheng,unseen,v2
TbRIL3GBWa0,TbRIL3GBWa0_61000_71000,1,1,guzheng,unseen,v2
TbRIL3GBWa0,TbRIL3GBWa0_88000_98000,1,28,guzheng,unseen,v2
TbRIL3GBWa0,TbRIL3GBWa0_127000_137000,2,7,guzheng,unseen,v2
TbRIL3GBWa0,TbRIL3GBWa0_160000_170000,2,40,guzheng,unseen,v2
TCcD-vOUtNc,TCcD-vOUtNc_15000_25000,0,15,harp,unseen,v2
TCcD-vOUtNc,TCcD-vOUtNc_51000_61000,0,51,harp,unseen,v2
TCcD-vOUtNc,TCcD-vOUtNc_99000_109000,1,39,harp,unseen,v2
TcXP_hw7Gkg,TcXP_hw7Gkg_16000_26000,0,16,tiger,unseen,v2
tdNrd3uAn_Y,tdNrd3uAn_Y_10000_20000,0,10,guzheng,unseen,v2
te-Wy4xK3Iw,te-Wy4xK3Iw_10000_20000,0,10,guzheng,unseen,v2
Tec5bp90C8k,Tec5bp90C8k_25000_35000,0,25,tiger,unseen,v2
TeF6R9hFR8g,TeF6R9hFR8g_250000_260000,4,10,bell,unseen,v2
TF0NEuYWsPM,TF0NEuYWsPM_157000_167000,2,37,hen,unseen,v2
TF0NEuYWsPM,TF0NEuYWsPM_190000_200000,3,10,hen,unseen,v2
TF0NEuYWsPM,TF0NEuYWsPM_247000_257000,4,7,hen,unseen,v2
TF0NEuYWsPM,TF0NEuYWsPM_325000_335000,5,25,hen,unseen,v2
tHyUBNydsy8,tHyUBNydsy8_16000_26000,0,16,donkey,unseen,v2
tK5ju1yVYM0,tK5ju1yVYM0_5000_15000,0,5,hen,unseen,v2
tK5ju1yVYM0,tK5ju1yVYM0_25000_35000,0,25,hen,unseen,v2
tK5ju1yVYM0,tK5ju1yVYM0_72000_82000,1,12,hen,unseen,v2
tK5ju1yVYM0,tK5ju1yVYM0_95000_105000,1,35,hen,unseen,v2
tK5ju1yVYM0,tK5ju1yVYM0_140000_150000,2,20,hen,unseen,v2
tS1_T-Fgjsc,tS1_T-Fgjsc_26000_36000,0,26,guzheng,unseen,v2
tS1_T-Fgjsc,tS1_T-Fgjsc_64000_74000,1,4,guzheng,unseen,v2
tS1_T-Fgjsc,tS1_T-Fgjsc_93000_103000,1,33,guzheng,unseen,v2
tS1_T-Fgjsc,tS1_T-Fgjsc_131000_141000,2,11,guzheng,unseen,v2
tS1_T-Fgjsc,tS1_T-Fgjsc_178000_188000,2,58,guzheng,unseen,v2
TWD5D29ti30,TWD5D29ti30_2000_12000,0,2,emergency-car,unseen,v2
TWD5D29ti30,TWD5D29ti30_139000_149000,2,19,emergency-car,unseen,v2
TWD5D29ti30,TWD5D29ti30_237000_247000,3,57,emergency-car,unseen,v2
TxOZQAu07bo,TxOZQAu07bo_36000_46000,0,36,harp,unseen,v2
ty5tA_08Nu0,ty5tA_08Nu0_20000_30000,0,20,guzheng,unseen,v2
TZDismkrChU,TZDismkrChU_1000_11000,0,1,leopard,unseen,v2
TzVwDcvjXNk,TzVwDcvjXNk_10000_20000,0,10,harp,unseen,v2
Ubm6h9Q49t0,Ubm6h9Q49t0_10000_20000,0,10,squirrel,unseen,v2
uNip82f8cM0,uNip82f8cM0_2000_12000,0,2,helicopter,unseen,v2
us3q2e_KgJY,us3q2e_KgJY_10000_20000,0,10,harp,unseen,v2
usJqNRPzZaM,usJqNRPzZaM_0_10000,0,0,squirrel,unseen,v2
usJqNRPzZaM,usJqNRPzZaM_40000_50000,0,40,squirrel,unseen,v2
usJqNRPzZaM,usJqNRPzZaM_66000_76000,1,6,squirrel,unseen,v2
usJqNRPzZaM,usJqNRPzZaM_88000_98000,1,28,squirrel,unseen,v2
usJqNRPzZaM,usJqNRPzZaM_111000_121000,1,51,squirrel,unseen,v2
UTES3FBPrvM,UTES3FBPrvM_20000_30000,0,20,baby,unseen,v2
UTES3FBPrvM,UTES3FBPrvM_40000_50000,0,40,baby,unseen,v2
UuBrUsj4yuA,UuBrUsj4yuA_0_10000,0,0,bell,unseen,v2
uwurbj9gXUU,uwurbj9gXUU_15000_25000,0,15,boy,unseen,v2
uyHlq42VK6Y_0,uyHlq42VK6Y_0,0,0,baby,unseen,v1m
V4hoIKh4WDQ,V4hoIKh4WDQ_17000_27000,0,17,clock,unseen,v2
vbk65s3inHM,vbk65s3inHM_1000_11000,0,1,bell,unseen,v2
VfMHY1a5IV8,VfMHY1a5IV8_30000_40000,0,30,guzheng,unseen,v2
vg5j3vIURtM,vg5j3vIURtM_45000_55000,0,45,guzheng,unseen,v2
vH10_rxKrhw,vH10_rxKrhw_141000_151000,2,21,donkey,unseen,v2
vH10_rxKrhw,vH10_rxKrhw_252000_262000,4,12,donkey,unseen,v2
Vlsl7NglSTw,Vlsl7NglSTw_0_10000,0,0,helicopter,unseen,v2
Vm7FKsbK0Zc,Vm7FKsbK0Zc_60000_70000,1,0,harp,unseen,v2
Vm7FKsbK0Zc,Vm7FKsbK0Zc_180000_190000,3,0,harp,unseen,v2
VOTDTFZIMsk,VOTDTFZIMsk_0_10000,0,0,squirrel,unseen,v2
Vx2pCmrJpzM,Vx2pCmrJpzM_3000_13000,0,3,emergency-car,unseen,v2
vXbzQun4AO0,vXbzQun4AO0_4000_14000,0,4,tiger,unseen,v2
vYMlA0Lpdq4,vYMlA0Lpdq4_24000_34000,0,24,leopard,unseen,v2
vYMlA0Lpdq4,vYMlA0Lpdq4_52000_62000,0,52,leopard,unseen,v2
vYMlA0Lpdq4,vYMlA0Lpdq4_77000_87000,1,17,leopard,unseen,v2
vYMlA0Lpdq4,vYMlA0Lpdq4_96000_106000,1,36,leopard,unseen,v2
w4OwZqwKz_s,w4OwZqwKz_s_130000_140000,2,10,bell,unseen,v2
w7f1z27RI7g,w7f1z27RI7g_44000_54000,0,44,squirrel,unseen,v2
w8fYgVuypBo,w8fYgVuypBo_400000_410000,6,40,girl,unseen,v2
W9BbX72k_X0,W9BbX72k_X0_3000_13000,0,3,leopard,unseen,v2
WCBhqlOyu1M,WCBhqlOyu1M_2000_12000,0,2,donkey,unseen,v2
weBYMFJ_EwE,weBYMFJ_EwE_30000_40000,0,30,harp,unseen,v2
weBYMFJ_EwE,weBYMFJ_EwE_60000_70000,1,0,harp,unseen,v2
weBYMFJ_EwE,weBYMFJ_EwE_780000_790000,13,0,harp,unseen,v2
weBYMFJ_EwE,weBYMFJ_EwE_1150000_1160000,19,10,harp,unseen,v2
weBYMFJ_EwE,weBYMFJ_EwE_1670000_1680000,27,50,harp,unseen,v2
weBYMFJ_EwE,weBYMFJ_EwE_2450000_2460000,40,50,harp,unseen,v2
weBYMFJ_EwE,weBYMFJ_EwE_2785000_2795000,46,25,harp,unseen,v2
wH9LVS7jP6c,wH9LVS7jP6c_0_10000,0,0,tiger,unseen,v2
WhWKY7Yy04o,WhWKY7Yy04o_10000_20000,0,10,leopard,unseen,v2
wJlDOIMTE-c,wJlDOIMTE-c_0_10000,0,0,emergency-car,unseen,v2
WkDyXugPsSA,WkDyXugPsSA_30000_40000,0,30,bell,unseen,v2
wlBLb7P_RHg,wlBLb7P_RHg_8000_18000,0,8,bell,unseen,v2
wlBLb7P_RHg,wlBLb7P_RHg_120000_130000,2,0,bell,unseen,v2
wlBLb7P_RHg,wlBLb7P_RHg_257000_267000,4,17,bell,unseen,v2
wlBLb7P_RHg,wlBLb7P_RHg_330000_340000,5,30,bell,unseen,v2
wlBLb7P_RHg,wlBLb7P_RHg_450000_460000,7,30,bell,unseen,v2
wlBLb7P_RHg,wlBLb7P_RHg_530000_540000,8,50,bell,unseen,v2
wlBLb7P_RHg,wlBLb7P_RHg_623000_633000,10,23,bell,unseen,v2
WOJMjZAMUFk,WOJMjZAMUFk_21000_31000,0,21,leopard,unseen,v2
WPrsmLV6KlE,WPrsmLV6KlE_25000_35000,0,25,leopard,unseen,v2
WPrsmLV6KlE,WPrsmLV6KlE_52000_62000,0,52,leopard,unseen,v2
WQXPWA2V52Q,WQXPWA2V52Q_110000_120000,1,50,guzheng,unseen,v2
WzbX0ORPWpA,WzbX0ORPWpA_8000_18000,0,8,harp,unseen,v2
WzbX0ORPWpA,WzbX0ORPWpA_65000_75000,1,5,harp,unseen,v2
x_w-93ctLN0_2,x_w-93ctLN0_2,0,0,baby,unseen,v1m
x09xoL84_PE,x09xoL84_PE_0_10000,0,0,tiger,unseen,v2
X6U476H2pWw,X6U476H2pWw_20000_30000,0,20,clock,unseen,v2
XdAfc8u4H-k,XdAfc8u4H-k_6000_16000,0,6,tiger,unseen,v2
XHimm5QTqBE,XHimm5QTqBE_5000_15000,0,5,bell,unseen,v2
XTjduhNaTFs,XTjduhNaTFs_75000_85000,1,15,harp,unseen,v2
xuJS0wb9XWg,xuJS0wb9XWg_0_10000,0,0,harp,unseen,v2
xuJS0wb9XWg,xuJS0wb9XWg_150000_160000,2,30,harp,unseen,v2
xv7eM6-UmkY_36,xv7eM6-UmkY_36,0,0,baby,unseen,v1m
y01wHb_XZ1Y,y01wHb_XZ1Y_70000_80000,1,10,bell,unseen,v2
y01wHb_XZ1Y,y01wHb_XZ1Y_73000_83000,1,13,bell,unseen,v2
y01wHb_XZ1Y,y01wHb_XZ1Y_109000_119000,1,49,bell,unseen,v2
y01wHb_XZ1Y,y01wHb_XZ1Y_220000_230000,3,40,bell,unseen,v2
y01wHb_XZ1Y,y01wHb_XZ1Y_250000_260000,4,10,bell,unseen,v2
Y3gT3iyV9Co,Y3gT3iyV9Co_0_10000,0,0,donkey,unseen,v2
y4F4RvMt_xI,y4F4RvMt_xI_17000_27000,0,17,guzheng,unseen,v2
y4F4RvMt_xI,y4F4RvMt_xI_54000_64000,0,54,guzheng,unseen,v2
y4F4RvMt_xI,y4F4RvMt_xI_85000_95000,1,25,guzheng,unseen,v2
y4F4RvMt_xI,y4F4RvMt_xI_128000_138000,2,8,guzheng,unseen,v2
YEUTGFYfn34,YEUTGFYfn34_0_10000,0,0,tiger,unseen,v2
YfRhCXqLOno,YfRhCXqLOno_0_10000,0,0,donkey,unseen,v2
YfRhCXqLOno,YfRhCXqLOno_5000_15000,0,5,donkey,unseen,v2
YfRhCXqLOno,YfRhCXqLOno_15000_25000,0,15,donkey,unseen,v2
yQm4CnHMwxc,yQm4CnHMwxc_0_10000,0,0,leopard,unseen,v2
YTXrTQBJ_hw,YTXrTQBJ_hw_3000_13000,0,3,harp,unseen,v2
yuSMhRKAkG8,yuSMhRKAkG8_3000_13000,0,3,helicopter,unseen,v2
YYbShzoZWRo_1,YYbShzoZWRo_1,0,0,baby,unseen,v1m
YYbShzoZWRo_10,YYbShzoZWRo_10,0,0,baby,unseen,v1m
YYbShzoZWRo_11,YYbShzoZWRo_11,0,0,baby,unseen,v1m
YYbShzoZWRo_14,YYbShzoZWRo_14,0,0,baby,unseen,v1m
YYbShzoZWRo_16,YYbShzoZWRo_16,0,0,baby,unseen,v1m
YYbShzoZWRo_17,YYbShzoZWRo_17,0,0,baby,unseen,v1m
YYbShzoZWRo_19,YYbShzoZWRo_19,0,0,baby,unseen,v1m
YYbShzoZWRo_2,YYbShzoZWRo_2,0,0,baby,unseen,v1m
YYbShzoZWRo_21,YYbShzoZWRo_21,0,0,baby,unseen,v1m
YYbShzoZWRo_22,YYbShzoZWRo_22,0,0,baby,unseen,v1m
YYbShzoZWRo_23,YYbShzoZWRo_23,0,0,baby,unseen,v1m
YYbShzoZWRo_26,YYbShzoZWRo_26,0,0,baby,unseen,v1m
YYbShzoZWRo_27,YYbShzoZWRo_27,0,0,baby,unseen,v1m
YYbShzoZWRo_29,YYbShzoZWRo_29,0,0,baby,unseen,v1m
YYbShzoZWRo_31,YYbShzoZWRo_31,0,0,baby,unseen,v1m
YYbShzoZWRo_8,YYbShzoZWRo_8,0,0,baby,unseen,v1m
z9yGS9HKGsQ,z9yGS9HKGsQ_21000_31000,0,21,baby,unseen,v2
Zc277BIrQAk,Zc277BIrQAk_76000_86000,1,16,emergency-car,unseen,v2
ZGhZHlpSE6k,ZGhZHlpSE6k_10000_20000,0,10,squirrel,unseen,v2
ZPFe9QgzrXk,ZPFe9QgzrXk_50000_60000,0,50,harp,unseen,v2
ZPFe9QgzrXk,ZPFe9QgzrXk_83000_93000,1,23,harp,unseen,v2
ZPFe9QgzrXk,ZPFe9QgzrXk_117000_127000,1,57,harp,unseen,v2
zxis5LLvULw,zxis5LLvULw_12000_22000,0,12,harp,unseen,v2
